{
    "BLEU": 0.8676676311815356,
    "BERTScore Recall": 0.9858451299113689,
    "BERTScore Precision": 0.9869140739988044,
    "BERTScore F1": 0.9863339239118389,
    "exact_match": 0.6192698325555861
}