{
    "BLEU": 0.8981159414282305,
    "BERTScore Recall": 0.9887492906595797,
    "BERTScore Precision": 0.9893205843739309,
    "BERTScore F1": 0.9890010347027063,
    "exact_match": 0.6630465051517683
}