{
    "BLEU": 0.34000142217129337,
    "BERTScore Recall": 0.9195117701255061,
    "BERTScore Precision": 0.8601021908188861,
    "BERTScore F1": 0.8884339615633093,
    "exact_match": 0.0030194894317869887
}