{
    "BLEU": 0.33105315828954707,
    "BERTScore Recall": 0.9163849651564532,
    "BERTScore Precision": 0.8549480379723268,
    "BERTScore F1": 0.884238408571895,
    "exact_match": 0.0034809245335561123
}