{
    "BLEU": 0.34000142217129337,
    "BERTScore Recall": 0.919511758018057,
    "BERTScore Precision": 0.8601021814110709,
    "BERTScore F1": 0.8884339518282658,
    "exact_match": 0.0030194894317869887
}