{
    "BLEU": 0.5413686436469726,
    "BERTScore Recall": 0.9647248208506435,
    "BERTScore Precision": 0.9231572857997328,
    "BERTScore F1": 0.9433878606536577,
    "exact_match": 0.0008234971177600879
}