{
    "BLEU": 0.5413686436469726,
    "BERTScore Recall": 0.9647248312565052,
    "BERTScore Precision": 0.9231572965328229,
    "BERTScore F1": 0.9433878713703863,
    "exact_match": 0.0008234971177600879
}