{
    "BLEU": 0.5309969929720108,
    "BERTScore Recall": 0.9644205433201637,
    "BERTScore Precision": 0.9196007762719449,
    "BERTScore F1": 0.9413620593636788,
    "exact_match": 0.000278473962684489
}