{
    "BLEU": 0.9402948328960454,
    "BERTScore Recall": 0.9933605460412188,
    "BERTScore Precision": 0.9941537309426579,
    "BERTScore F1": 0.9937420408976706,
    "exact_match": 0.7702589807852965
}